WGD,H3K27ac_down,H3K27ac_up,H3K27ac_genebody,H3K27me3_down,H3K27me3_up,H3K27me3_genebody,H3K4me3_down,H3K4me3_up,H3K4me3_genebody,avg_expression,tau,gene_cds_gc,promoter_gc,rec_rate,te_dist,TEGroup_1,TEGroup_2,TEGroup_3,TEGroup_4,TEdenseAvgUp,TEdenseMaxUp,TEdenseAvgDown,TEdenseMaxDown,CG_up_ave,CG_down_ave,CG_body_ave,CHG_up_ave,CHG_down_ave,CHG_body_ave,CHH_up_ave,CHH_down_ave,CHH_body_ave,CG_up_max,CG_down_max,CHG_up_max,CHG_down_max,CHH_up_max,CHH_down_max,summit_fold_enrichment,upstream_distance,downstream_distance,Ka,Ks,omega,location
0,0.0303588535535026,-0.0329530540927797,2.3486812580756804,0.0980190762006506,-0.2531760933380432,-0.2134488085956872,-0.0931744703222159,-0.1486027241726789,2.450479393135729,1.9051482382026048,0.7299007615337468,52.63157894736842,38.23529411764706,2.86,617,0.0,1.0,0.0,0.0,0.32535,1.0,0.38620000000000004,1.0,0.1542769611111111,0.0069444375,0.0,0.0511111,0.01666666,0.0,0.0563766509433962,0.0,0.0,1.0,0.111111,0.333333,0.0833333,0.488889,0.0,3.84905,10354.0,10187.0,0.1176,0.5677,0.2072,0.0
0,0.0453927103952692,0.1191881389237552,0.1191184147373195,0.0101918035599437,-0.032595974920471,-0.3915009179579587,-0.2044437720355558,0.1324239029568356,0.0577178555920425,3.0424861762547675,0.3416077461609288,47.10767468499427,39.41176470588236,2.83,1007,0.0,0.0,1.0,0.0,0.32049999999999995,1.0,0.09100000000000001,1.0,0.5089505555555556,0.003472225,0.0462322098901098,0.2826317894736842,0.0042517,0.001501938372093,0.0658575686363636,0.003030309090909,0.0030464003289473,1.0,0.0416667,0.916667,0.047619,0.638889,0.0666667,9.35021,5409.0,6855.0,0.0679,0.421,0.1613,0.0
0,0.3306962392957978,1.009248632625877,0.2342807710354654,-0.2553281884813306,-0.1200262088004742,-0.3770135802602081,0.6625962641585704,0.5113800936332098,0.068590175589558,5.796981497821786,0.1598475926069882,53.84615384615385,31.76470588235294,2.83,262,0.0,0.0,0.0,1.0,0.0,0.0,0.079,0.94,0.0015432092592592,0.7359908863636364,0.0050926,0.0,0.3975469657534247,0.0,0.0035055647302904,0.0594859118577075,0.0006459965116279,0.0833333,1.0,0.0,1.0,0.111111,1.0,4.10714,50.0,620.0,0.0962,0.684,0.1406,0.0
0,0.1063493396065474,-0.4049303754137058,0.0730590261424141,-0.2486599166838801,-0.0672363205434748,-0.1250397714715159,-0.188631431211415,-0.2087506468978985,-0.3225520749783185,1.8381566663211024,0.4271251735793083,48.44054580896686,34.705882352941174,2.81,293,0.0,0.0,1.0,0.0,0.0,0.0,0.15715,1.0,0.0086279409090909,0.002583976744186,0.0030864185185185,0.0064102564102564,0.0042328023809523,0.0013440870967741,0.0018849194444444,0.0033648688405797,0.0033883528985507,0.111111,0.111111,0.111111,0.111111,0.111111,0.111111,6.66426,2852.0,2187.0,0.0335,0.4106,0.0817,0.0
0,-0.062403027112726,0.1171313638402066,0.1017341929485926,-0.0035556227560836,0.0196148868725314,-0.3481275478321046,0.0097641640178605,0.1005447937104142,0.1965547054161049,5.269396456185202,0.1516422536738845,46.50735294117647,32.94117647058823,2.8,225,0.0,1.0,0.0,0.0,0.13699999999999998,1.0,0.33779999999999993,1.0,0.0,0.01190475,0.0025641038461538,0.0,0.020833325,0.0046296296296296,0.0,0.0,0.0032963635983263,0.0,0.047619,0.0,0.0833333,0.0,0.0,4.65937,66849.0,12282.0,0.0621,0.4429,0.1402,0.0
0,-0.2403237225861981,0.1882450425307782,0.8484316104962296,0.0474834515694703,-0.1203103793095382,-0.3999666170032179,-0.0533915454500878,0.0231400666788354,1.8895602285487776,4.630170476398101,0.4987864286670931,47.152428810720274,35.294117647058826,2.79,216,0.0,1.0,0.0,0.0,0.049499999999999995,0.95,0.41,1.0,0.0,0.2370369999999999,0.0035273333333333,0.0,0.0356009047619047,0.0018115934782608,0.0032407383333333,0.0440631920245398,0.003316259574468,0.0,0.896296,0.0,0.225397,0.111111,0.783333,4.66032,267.0,10492.0,0.026,0.4817,0.054,0.0
0,0.1632689242547322,0.5216854152209358,0.2413550957821535,-0.1205589481100745,-0.129726835052318,-0.4086531095296459,-0.3122833176964251,0.9587406281058722,-0.0326734974761767,5.906105449027195,0.0748912098178896,46.10075914423741,34.705882352941174,2.77,1005,0.0,0.0,0.0,1.0,0.0,0.0,0.48495000000000005,1.0,0.0,0.1111111304347826,0.1345634716666666,0.0,0.185589,0.0046096945205479,0.0,0.0244621391566265,0.0037913852272727,0.0,1.0,0.0,0.683333,0.0,0.52381,8.76876,1414.0,27075.0,0.0797,0.528,0.1509,0.0
0,0.5922913289199021,-0.0197556799980216,-0.157534280129218,-0.1446462629378553,-0.1864077082984052,-0.4836991307125959,0.3165667638741196,-0.3469519346765455,-0.0925792519227463,0.0241511326814739,1.0,41.71322160148976,47.05882352941176,2.76,918,0.0,0.0,1.0,0.0,0.1535,1.0,0.0,0.0,0.0,0.0037037055555555,0.45,0.0,0.0,0.0,0.0,0.0009005957446808,0.0059027843749999,0.0,0.0666667,0.0,0.0,0.0,0.047619,3.67481,13541.0,33172.0,0.0731,0.4678,0.1562,0.0
0,0.4935342198336582,-0.1068529280983217,1.1732086474463157,-0.2817957620910983,-0.1448952054629569,-0.4212556173138655,0.3667568142736493,-0.239146375666766,1.3668025402641932,5.221348963218719,0.4368421610909804,46.30738522954092,37.64705882352941,2.75,1155,0.0,1.0,0.0,0.0,0.44599999999999995,1.0,0.285,1.0,0.0,0.0,0.0,0.0,0.0,0.0,0.0,0.0019841261904761,0.00444444,0.0,0.0,0.0,0.0,0.0,0.0833333,4.55976,12161.0,91.0,0.0335,0.2026,0.1653,0.0
0,-0.0393357177301781,-0.1760486798800058,0.1217783003551087,-0.1043783920666977,-0.1908466451960505,0.5401173663494387,0.4734283255674428,0.4082797581660365,0.0847581467597231,1.4864344014297406,0.5796118218495938,52.98507462686567,34.705882352941174,2.75,1938,0.0,1.0,0.0,0.0,0.0,0.0,0.0398,0.94,0.0,0.0842857333333333,0.0,0.0,0.0885185133333333,0.0,0.0018518533333333,0.0244241024390243,0.0,0.0,0.683333,0.0,0.5,0.0833333,0.4,4.02482,340.0,399.0,0.097,0.5738,0.169,0.0
0,-0.0657252235619819,-0.3911495493062137,0.1903819206674533,0.100532462386087,-0.2597467403734026,-0.2770684894530613,-0.1435758618692011,-0.6314351988026572,0.6463624755388689,3.4256688544450298,0.2964061436326496,42.48826291079813,38.82352941176471,2.74,0,0.0,1.0,0.0,0.0,0.6657500000000001,1.0,0.19965000000000002,1.0,0.9261278421052632,0.944444,0.48168820625,0.1284492615384615,0.0,0.1555195,0.0661012372549019,0.056803704,0.0199867666666666,1.0,0.944444,0.333333,0.0,0.666667,0.361953,4.91051,6087.0,30662.0,0.0362,0.3335,0.1085,0.0
0,-0.177762995312457,0.1217706498671759,-0.017681578518547,-0.0309513302196204,-0.2366319546922876,-0.322537165821886,-0.444685552376903,-0.0096243423661016,0.1843658432943457,3.1810000706143544,0.1741825821347077,47.956577266922096,34.705882352941174,2.7,368,0.0,1.0,0.0,0.0,0.271,1.0,0.31715,1.0,0.7064619046666666,0.155430247368421,0.1064814999999999,0.0705690789655172,0.0270228199999999,0.006666668,0.028765418372093,0.0033368273584905,0.0030188872881355,0.899022,1.0,0.386536,0.355556,0.247467,0.111111,7.01265,308.0,34186.0,0.1325,0.3858,0.3434,0.0
0,-0.2745034392480895,0.0084300528736882,0.7110654172171068,-0.0131927896568265,-0.1671968632545719,-0.4447751429785664,-0.4396095266023403,-0.1525222508950913,0.4665643141288927,1.7263498277145863,0.3624957324799989,49.137585238668265,32.94117647058823,2.68,283,0.0,1.0,0.0,0.0,0.1515,1.0,0.36894999999999994,1.0,0.8829365714285714,0.6467949,0.0929487358974359,0.5989177000000001,0.1194444166666666,0.0014492760869565,0.0342151619047619,0.0251944045454545,0.0027594623076923,0.958333,1.0,0.9,0.483333,0.125,0.277778,3.89097,26417.0,943.0,0.096,0.4541,0.2114,0.0
0,-0.1959904627817395,-0.1872559118429319,0.2652292249425013,-0.1289063800363393,-0.1013817217005654,-0.541471825500315,-0.2188450065144477,0.0906350447071118,0.96416935636082,0.6066657390147879,0.6723205029937852,48.76543209876543,41.17647058823529,2.68,112,0.0,1.0,0.0,0.0,0.3199,1.0,0.5743999999999999,1.0,0.920679,0.418287,0.0627451,0.2886698235294117,0.2467722846153846,0.0123946666666666,0.0417981165517241,0.051506293877551,0.0043091585365853,1.0,1.0,0.952381,0.805556,0.730159,0.583333,15.2898,22459.0,15513.0,0.1655,0.499,0.3317,0.0
0,-0.0254963641962087,-0.1791719294030873,0.6906560818597738,-0.0316154057697253,-0.284068335989078,-0.2918748578217446,0.0693546024733069,-0.0590557923385107,0.95481005239458,3.66563498789472,0.678786007775907,50.78369905956113,38.23529411764706,2.57,0,0.0,1.0,0.0,0.0,0.3488,1.0,0.5588500000000001,1.0,0.2805555594594594,0.0,0.0076797264705882,0.2670816862745097,0.0,0.0052380942857142,0.0161565227758007,0.0,0.0047789720430107,1.0,0.0,1.0,0.0,0.472222,0.0,4.6751,9642.0,43275.0,0.102,0.3936,0.2591,0.0
0,-0.0514813351083452,0.0371607672831784,1.2369196717331632,-0.0634361332292865,-0.1536768225396033,-0.3703467505276448,-0.0940040093292108,-0.0448849038364968,1.289370094520003,3.761276893931791,0.1415321404209477,50.6578947368421,43.52941176470589,2.57,1126,0.0,0.0,1.0,0.0,0.0,0.0,0.46049999999999996,1.0,0.472222,0.0806878818181818,0.0,0.0,0.049537,0.00833333,0.0,0.0365863029850746,0.00148809375,0.944444,0.832011,0.0,0.49537,0.0,0.774603,4.00723,53548.0,250.0,0.0655,0.5701,0.1149,0.0
0,-0.2219161565584315,-0.3359688322610208,-0.1557060781331364,0.0863237191844283,0.6223906321543693,0.9242965094848742,-0.2285453136505142,-0.3405912705668826,-0.4271221703924232,0.44039810892699,0.8310792353980545,47.73495605138607,32.35294117647059,2.56,4108,0.0,0.0,0.0,1.0,0.0,0.0,0.0,0.0,0.0033524965517241,0.0,0.0037037055555555,0.0,0.0056750322580645,0.0,0.0033404410447761,0.0038600848888888,0.0020757043956043,0.0555557,0.0,0.0,0.0833333,0.111111,0.177778,4.75563,27421.0,9923.0,0.091,0.381,0.2388,0.0
0,0.0573034949673459,-0.1895827490422562,-0.2177841295322899,-0.1081347477872809,0.1694318953320464,-0.2364946870308345,-0.0885841831206511,-0.164181123808731,-0.4727033268071317,2.8513369067259093,0.6776218673125765,44.2257217847769,32.35294117647059,2.56,0,0.0,1.0,0.0,0.0,0.0,0.0,0.2895,1.0,0.0,0.0196127863636363,0.0,0.0038434641509433,0.0075316696969696,0.007296847761194,0.0037037062068965,0.002934103030303,0.002541338585209,0.0,0.311111,0.0833333,0.0666667,0.177778,0.0833333,4.75563,32815.0,4876.0,0.0727,0.441,0.1649,0.0
0,-0.0500172684492673,0.1699358912160877,1.6494537969477658,-0.0110391670254032,-0.121824297500834,-0.2286760521037326,0.2750831993564083,0.1455494465387228,2.2735151722577465,4.340609604984682,0.4594757064513096,50.88652482269504,37.64705882352941,2.54,641,0.0,1.0,0.0,0.0,0.7029500000000002,1.0,0.2219,1.0,0.0,0.1446296233333333,0.0,0.0,0.0882352529411764,0.0,0.0,0.0270291423611111,0.005291,0.0,1.0,0.0,0.607143,0.0,0.688889,4.55976,441.0,43225.0,0.024,0.5944,0.0403,0.0
0,-0.0846868135549475,0.1556828671616883,-0.0519998247894042,-0.2654423285579484,0.7563408261421654,0.2020370301658801,-0.1742501608667341,0.4486424357511203,-0.0601825678011023,2.739645025606414,0.4494018804538028,48.882931188561216,32.94117647058823,2.53,126,0.0,1.0,0.0,0.0,0.0,0.0,0.1355,1.0,0.0,0.0,0.0064102538461538,0.0050505,0.0,0.0069444375,0.0035486449760765,0.0019047628571428,0.0,0.0,0.0,0.111111,0.0,0.111111,0.0666667,3.45864,25685.0,27120.0,0.0251,0.4351,0.0578,0.0
0,-0.0989251735235181,0.0756447609493142,0.6295602616302431,0.2956329054672744,0.0885420474270089,-0.3356907507630771,-0.2124234822742995,0.0998191750856135,0.6449653958594834,4.325804265643323,0.1150827331373454,47.647058823529406,34.11764705882353,2.53,98,0.0,1.0,0.0,0.0,0.3899000000000001,1.0,0.40449999999999997,1.0,0.6385582857142857,0.1569058764705883,0.3481481111111111,0.5181746,0.0426967170731707,0.0023809514285714,0.2515784506666666,0.0335608889830508,0.0027590322834645,1.0,1.0,0.686111,0.688889,1.0,0.573413,4.45679,71157.0,21118.0,0.0668,0.436,0.1532,0.0
0,0.050159800557177,-0.0571978881882413,0.7774158286461804,-0.0341112635371617,-0.0264449194973245,-0.0825917643874971,0.0701404420074039,-0.2495383602488771,1.459900784621844,4.381299186550972,0.2852852402779465,38.20662768031189,28.823529411764703,2.51,1199,0.0,1.0,0.0,0.0,0.2841,1.0,0.25329999999999997,1.0,0.4697931818181818,0.6493147948717949,0.0,0.2205756103448276,0.1988589677419355,0.002222228,0.0525827887892376,0.0245045320754717,0.0042452839622641,1.0,1.0,1.0,1.0,0.666667,0.505556,3.89097,241.0,4670.0,0.175,0.5184,0.3377,0.0
0,-0.0647895920523444,0.4682215308116344,-0.0190740277853585,-0.1823887367809202,-0.132363041093792,-0.2676134371579958,-0.1109516860778115,0.9249822220035636,0.4531382848680724,2.981947038784313,0.2221388776120424,47.02258726899384,45.88235294117647,2.48,0,0.0,0.0,1.0,0.0,0.0,0.0,0.0,0.0,0.0777778083333333,0.0,0.0,0.0,0.0,0.0277777571428571,0.0040717724637681,0.0,0.0065359411764705,0.866667,0.0,0.0,0.0,0.0833333,0.0,6.01085,314.0,3902.0,0.1233,0.752,0.164,0.0
0,-0.0611909666796164,-0.1428470667031321,1.4318501453118682,-0.1225308548936051,0.0397380065065974,-0.2480006522043016,-0.340208311985123,-0.1970365765725391,1.0758347729476814,1.2847906931392092,0.3934948723086483,49.06832298136646,40.0,2.6,1300,0.0,0.0,1.0,0.0,0.261,1.0,0.0,0.0,0.0625,0.7623932307692308,0.8660432142857145,0.0793650214285714,0.3667756205882352,0.2027776916666666,0.0088802374999999,0.0435833257894736,0.0466666666666666,1.0,1.0,0.672222,0.833333,0.15,0.933333,4.209,39514.0,4220.0,0.0835,0.3365,0.2483,0.0
0,-0.0158714410651731,-0.1706027100945713,-0.1838916979511614,0.0046618314037276,-0.0759577092518705,-0.4124740729318553,-0.1090912394112803,-0.0612909840218992,-0.1052146877903333,5.69882505757947,0.1551565385819591,45.07407407407407,44.70588235294118,0.73,336,0.0,1.0,0.0,0.0,0.030749999999999996,0.95,0.7369499999999999,1.0,0.00520833125,0.616322611111111,0.1853222442028985,0.007480109090909,0.1678280075,0.002595417961165,0.0044883872881355,0.0252989144578313,0.0041218389154704,0.0833333,1.0,0.0555557,0.690476,0.111111,0.832011,4.95884,4921.0,45773.0,0.0252,0.2977,0.0846,0.0
0,-0.2893163977633292,-0.0531718511458036,-0.1223604584198752,-0.0756280844650049,-0.0563929085426783,0.0006755642164303,-0.2924931780347579,-0.1971692799128392,-0.3715547802814661,0.4566876853705546,0.9912481942723342,44.927536231884055,35.88235294117647,-1.04,630,0.0,0.0,0.0,1.0,0.5336000000000001,1.0,0.05315,0.92,0.6073147999999999,0.0,0.0073529411764705,0.27559525,0.0,0.0,0.0347534560975609,0.0048663315789473,0.0039212040268456,0.933333,0.0,0.85,0.0,0.268518,0.138889,6.67872,22770.0,35019.0,0.1064,0.312,0.3409,0.0
0,0.3995529248010902,-0.1492546449429533,-0.1095156311703971,-0.3160318927105797,-0.0594804484392478,-0.3098280110171313,0.3577640937521275,-0.1715300102404691,-0.3119810733271452,0.3044855720469774,1.0,48.58906525573192,26.47058823529412,-1.08,930,0.0,0.0,0.0,1.0,0.41455000000000003,1.0,0.0,0.0,0.5007400081081083,0.0025063862068965,0.32420637,0.1767819849056603,0.0021428571428571,0.0872062919999999,0.026600409009009,0.0033192337912087,0.0026881725806451,1.0,0.0666667,0.916667,0.0833333,0.869048,0.111111,4.6751,95511.0,2964.0,0.0025,0.3915,0.0063,0.0
0,-0.3435624829596123,-0.0475531394048212,0.0789614648109947,0.123574501879269,-0.0992697821431336,-0.1001620085115494,-0.0468492356535474,-0.087186389984974,0.1349915285622457,4.255913418151197,0.2455787941361983,47.39168877099912,30.58823529411765,-1.09,575,0.0,0.0,1.0,0.0,0.736,1.0,0.1684,1.0,0.5999997499999999,0.2,0.0082926269230769,0.644445,0.0,0.0,0.0681938431818181,0.0032393959183673,0.0039241614583333,0.933333,1.0,0.644445,0.0,0.37037,0.0555557,9.91769,5174.0,18091.0,0.0059,0.5123,0.0116,0.0
0,-0.3668978496712608,-0.1449447381252551,-0.3059745965162254,-0.1546420143055674,0.1701928647458801,0.1360644073906324,-0.3293922407177972,-0.3277388940962529,-0.3652058328546775,0.7848041466488961,0.7022403914852653,41.713641488162345,36.47058823529412,-0.95,0,0.0,1.0,0.0,0.0,0.3025,1.0,0.8331000000000001,1.0,0.3528659444444444,0.9236615,0.0845121323529411,0.1211876321428571,0.4766061428571428,0.0526135793103448,0.0474752695652174,0.0731432977272727,0.0288372564935065,1.0,1.0,0.75,0.896825,0.483333,0.672222,10.0181,21492.0,18365.0,0.0925,0.3883,0.2382,0.0
0,-0.1561868059726553,-0.1073971773365935,-0.018086277370815,-0.2198017701511051,0.0513455619711924,0.0860360394108338,-0.3419219403454938,-0.1856188743375223,0.6736695176419122,4.168681643176526,0.5942979408909065,45.73378839590443,37.05882352941177,5.53,407,0.0,1.0,0.0,0.0,0.44845,1.0,0.35244999999999993,1.0,0.3241780214285715,0.00396825,0.0746662523076923,0.075595235,0.0069444375,0.0199932319148936,0.0234301628930817,0.0081188263513513,0.0101936807228915,1.0,0.047619,0.830159,0.111111,0.527778,0.222222,4.86195,128.0,1027.0,0.0605,0.423,0.1429,0.0
1,-0.1828599910193282,0.7437059553841332,1.5272828878126852,-0.1700118285593416,-0.155223521418388,-0.1097145838777293,-0.1714365212458233,1.1659195101688653,1.7301927984268397,0.9914780648502208,0.7952351981038649,51.55875299760192,49.41176470588236,0.57,206,0.0,0.0,0.0,1.0,0.30365,1.0,0.49960000000000016,1.0,0.32638375,0.5847250739130435,0.0,0.2008592727272727,0.4000884833333333,0.0,0.158237252,0.0859516352941176,0.0065359411764705,1.0,1.0,0.8,1.0,0.8,0.572222,4.13237,14775.0,50.0,0.1368,0.4419,0.3097,0.0
1,-0.3096751862692669,-0.0044033734140648,0.1470506582757796,-0.2006411193422227,-0.0660196720459388,-0.120454685348764,-0.4315772120589796,0.0004142633333381,-0.1146106248744235,0.3009720109700053,0.7125101453972554,40.46052631578947,30.0,0.51,97,0.0,1.0,0.0,0.0,0.48830000000000007,1.0,0.0,0.0,0.0,0.25517212,0.0037202374999999,0.0,0.0273543066666666,0.0056481425,0.0,0.0099900647058823,0.0025713195945945,0.0,0.916667,0.0,0.361111,0.0,0.236111,5.26126,33139.0,3590.0,0.0687,0.2842,0.2418,0.0
1,0.0178503634969208,-0.0642007541018145,0.3226282513248273,-0.0799934675654231,-0.0292617570654414,-0.2043184213535188,-0.0190222725856103,-0.1901944911933584,0.0939807591652492,4.262033406092057,0.2346974206860209,51.97132616487456,35.88235294117647,0.5,139,0.0,1.0,0.0,0.0,0.45399999999999996,1.0,0.48205000000000003,1.0,0.5903659444444443,0.0,0.0,0.2132143999999999,0.0,0.0,0.0230792557291666,0.0,0.0,1.0,0.0,0.434921,0.0,0.527778,0.0,5.26126,30082.0,8174.0,0.1131,0.5423,0.2086,0.0
1,-0.3582450837535482,-0.2284639605496548,0.008864880010985,0.0389108243017204,0.0048529317476663,-0.2447075320604426,-0.1478163205632215,-0.2610276032374633,-0.1346608941887338,1.0056228071268103,0.65461795354682,47.92899408284024,30.0,0.32,0,0.0,1.0,0.0,0.0,0.25849999999999995,1.0,0.6341,1.0,0.0625,0.4962001666666667,0.4286366956521739,0.0555555333333333,0.0968790769230769,0.1475170338235293,0.0295781348993288,0.0216952721153846,0.0263709516795865,1.0,1.0,0.833333,0.916667,1.0,0.85,4.55976,7972.0,263.0,0.049,0.3919,0.1251,0.0
1,-0.323569520476605,0.0119762672725616,-0.3524681435530611,0.1518882150142517,0.3050661670201672,0.7250061797323628,-0.288821334696742,0.1171141421415527,-0.3847269352595303,2.330784477595912,0.4431355263304483,45.00310366232154,25.294117647058822,0.31,75,0.0,1.0,0.0,0.0,0.3863,1.0,0.41894999999999993,1.0,0.0648148333333333,0.867857,0.0023148208333333,0.0157407333333333,0.075,0.0050793628571428,0.0079536068965517,0.1613756666666666,0.0028355947019867,1.0,1.0,0.111111,0.075,0.133333,0.484127,3.38932,19997.0,10653.0,0.0904,0.3822,0.2365,0.0
1,0.0312289782371567,0.7944773530156997,0.4489781183189253,-0.0831369473138723,-0.1267464808314528,-0.4237322129965503,-0.0328270002717371,1.2602422002557083,0.9646103990246964,3.5703645532985835,0.5072738965388848,47.56944444444444,32.35294117647059,0.31,760,0.0,0.0,1.0,0.0,0.13149999999999998,1.0,0.6011,1.0,0.0,0.5982737850000001,0.0,0.0138888833333333,0.1065475,0.0059523785714285,0.0036218073170731,0.0386552558441558,0.0017543868421052,0.0,1.0,0.0833333,0.35119,0.0833333,0.477778,5.34297,1055.0,21479.0,0.0127,0.3367,0.0377,0.0
1,0.1215372410803086,0.1562292489844232,0.1019612848999872,0.1111219773675949,-0.0528765073186106,-0.3136939481936201,-0.0909321179679444,0.2819777030747454,-0.0830004823851007,3.183177500358789,0.1900441994244553,44.90161001788909,34.705882352941174,0.29,691,0.0,0.0,0.0,1.0,0.059000000000000004,1.0,0.4193500000000001,1.0,0.0,1.0,0.0616147692307692,0.0,1.0,0.0009389676056338,0.0016260170731707,0.0,0.0027525351145038,0.0,1.0,0.0,1.0,0.0666667,0.0,5.50765,917.0,25543.0,0.1044,0.4958,0.2106,0.0
1,-0.3668799199852836,-0.3191171879572378,-0.2931318106122648,0.1219911729057265,0.2846751265093092,0.0550353935194768,-0.3679484076880225,-0.2124302910625799,-0.3826308196853563,0.1625377607641933,0.6057946795028608,41.21863799283154,39.41176470588236,0.23,853,0.0,0.0,0.0,1.0,0.28045000000000003,1.0,0.44875,1.0,0.0,0.0102880777777777,0.255462985,0.020833325,0.0037037,0.0020576185185185,0.008467743548387,0.0057178920454545,0.0045833325,0.0,0.0555557,0.0833333,0.037037,0.152778,0.130952,3.38932,42849.0,12472.0,0.1213,0.439,0.2762,0.0
1,0.0273338874868057,0.0022297974831439,1.298946588301074,-0.2352992015242631,-0.1415359776138208,-0.2102910885136187,-0.182835478343197,-0.1320592971349137,1.930479369571248,5.038942146399236,0.4796906972091703,47.1057884231537,41.76470588235294,0.23,209,0.0,0.0,1.0,0.0,0.42300000000000004,1.0,0.1368,1.0,0.6336835294117648,0.0,0.002849,0.25821425,0.0032051307692307,0.0036764705882352,0.0458280682539682,0.0022408960784313,0.0023447920863309,1.0,0.0,0.722222,0.0416667,0.888889,0.0666667,3.38932,2820.0,185.0,0.0342,0.2496,0.1369,0.0
1,-0.1885024934502114,0.3503182736980498,-0.0339971357595715,-0.2162866999365996,-0.2535905825986357,0.3343421572784623,-0.4493094679231474,0.6605401537247761,-0.2272064033519594,0.2166383750328441,1.0,48.87218045112782,31.76470588235294,0.24,663,0.0,0.0,1.0,0.0,0.0,0.0,0.40115,1.0,0.0,0.272084204347826,0.0111111,0.006448409090909,0.096918725490196,0.0,0.0019738311377245,0.0055312571428571,0.0,0.0,1.0,0.111111,0.638889,0.0666667,0.133333,3.2413,127.0,1378.0,0.173,0.5397,0.3205,0.0
1,-0.10370819650844,0.2196886733574148,0.6806938281299993,0.0221816308402073,0.0290436394915864,-0.2049540033310664,-0.2905145180129624,0.1687060347273712,0.9498087587066946,4.068271180093789,0.3900353285097675,42.72727272727273,44.70588235294118,0.25,0,0.0,0.0,1.0,0.0,0.169,1.0,0.4402000000000001,1.0,0.0,0.5249288461538462,0.0086988368421052,0.0,0.2921599837837837,0.0027100243902439,0.0,0.0485408846560846,0.0032727536679536,0.0,1.0,0.0,1.0,0.0,0.45,4.00723,31311.0,37980.0,0.0352,0.3037,0.1159,0.0
1,-0.201371073929969,-0.4372439789820704,-0.1177964462454486,-0.0144392882224032,-0.1803617933156386,0.168894548627575,-0.3229225473561833,-0.7137049089069633,0.0037325669489894,2.236222295377933,0.1857018263654806,47.11538461538461,40.588235294117645,0.18,0,0.0,1.0,0.0,0.0,0.7066999999999999,1.0,0.2863,1.0,0.7784297142857143,0.0,0.1959355454545454,0.5019,0.0,0.1016744704545454,0.0458346264705882,0.0,0.0209665384976525,1.0,0.0,1.0,0.0,0.722222,0.0,3.60115,42909.0,1070.0,0.1243,0.4345,0.286,0.0
1,0.2045857486235936,0.1264730944860784,0.965098651785946,-0.0853074084841058,-0.1940636361522086,-0.5176590090962463,0.0235517547752757,0.0730959479223023,1.1061397669424442,3.3111958267304638,0.4490929777349366,48.6529955770004,31.176470588235293,0.16,385,0.0,0.0,1.0,0.0,0.54045,1.0,0.50475,1.0,0.8401999714285713,0.2594035363636363,0.009228488372093,0.6282787021276596,0.301253896,0.0048765422222222,0.0775364252525252,0.0545767849462365,0.0025610737588652,1.0,1.0,0.962963,1.0,0.746032,0.611111,4.91051,50.0,8788.0,0.1022,0.4992,0.2048,0.0
1,-0.1866987438169704,0.0663035204294226,0.3446443724843288,-0.1863648797256273,-0.1219527002681178,-0.3481784464396891,-0.1444674098216253,-0.1393196470977856,0.7277746966046069,4.15307885483141,0.1035773714188114,47.15447154471545,42.35294117647059,0.16,381,0.0,0.0,1.0,0.0,0.5042499999999999,1.0,0.16465000000000005,1.0,0.2554497233333333,1.0,0.00833333,0.3274498869565218,0.5555555000000001,0.0136752076923076,0.0569972747252747,0.037037,0.0,1.0,1.0,1.0,0.566667,0.611111,0.111111,4.91051,4380.0,5449.0,0.0631,0.3747,0.1685,0.0
1,-0.1074913463697208,-0.276360263240739,0.914259275097588,0.0470455068789114,0.2898574893351545,-0.1305087525723179,-0.1567474662188754,-0.0700894132621182,1.1964366068436232,3.3237058921543525,0.4157978072065882,51.72764227642277,31.176470588235293,2.85,1018,0.0,0.0,0.0,1.0,0.08899999999999998,1.0,0.069,1.0,0.0,0.0342794083333333,0.0,0.0138888833333333,0.0161538070175438,0.0119047571428571,0.0046031763636363,0.0036514068345323,0.005291,0.0,0.523232,0.0833333,0.348148,0.0833333,0.111111,4.44848,2383.0,31510.0,0.0984,0.4714,0.2086,0.0
1,0.1080618531335827,0.2626532338080315,0.6756824366582819,-0.2663850925992568,0.0154986527523801,-0.3590983371060064,0.3944264116017351,0.095006853554892,0.6750811516112677,4.993565405760245,0.1766326663866288,49.358974358974365,42.35294117647059,2.98,0,0.0,1.0,0.0,0.0,0.4761000000000001,1.0,0.059000000000000004,1.0,0.4496757784313724,0.0123456777777777,0.1483244814814815,0.1071575185185185,0.0033333333333333,0.0038275319148936,0.0414708077669902,0.0024661765517241,0.00208659342723,1.0,0.133333,0.674603,0.0833333,0.56746,0.0833333,4.44848,11323.0,22320.0,0.0533,0.4141,0.1288,0.0
1,-0.0677854734027297,-0.042497887324664,0.0988445490156284,0.3839889894278181,0.3121979711885786,0.442287096210409,-0.1994669817930414,-0.1358313895941319,0.0023692576561205,1.489995910398268,0.4529586441607794,47.94871794871795,33.52941176470588,3.6,0,0.0,1.0,0.0,0.0,0.072,1.0,0.4785000000000001,1.0,0.0034883720930232,0.1519840924999999,0.0035409038461538,0.09128118,0.1037493103448275,0.0033146573529411,0.0259634544117647,0.0107189429687499,0.0032849774834437,0.15,0.944444,1.0,0.654762,0.594444,0.418519,7.01265,10659.0,143139.0,0.0902,0.4512,0.1999,0.0
1,-0.1600471617785082,-0.2013590445276182,-0.0141442862308253,-0.1161603461590743,0.2536836791091836,0.0272528696561421,-0.2453810834967602,-0.2561977175795501,-0.4251510431346902,1.2462783490069578,0.8774668526301518,43.54838709677419,33.52941176470588,3.68,1400,0.0,1.0,0.0,0.0,0.29950000000000004,1.0,0.0,0.0,0.0676011064516129,0.0632992737704918,0.0508982791044776,0.0594693470588235,0.0036354306451612,0.0032404063999999,0.0098174170491803,0.0031402709923664,0.0035595614879649,0.891667,1.0,0.654762,0.111111,0.418519,0.111111,7.01265,16986.0,136825.0,0.0839,0.3706,0.2263,0.0
1,-0.1796846239104686,0.2719975593443798,1.4302185306294422,0.0961080336773625,0.0492961124464458,-0.2533742321968676,0.1391742712128397,0.0279169774425534,2.563436422332122,4.497976800523001,0.4837350655676266,48.71111111111111,38.23529411764706,4.44,472,0.0,1.0,0.0,0.0,0.5298999999999999,1.0,0.18744999999999998,1.0,0.1002768153846154,0.0,0.0053571428571428,0.0108098222222222,0.0,0.0047892758620689,0.0078449821428571,0.0030606253623188,0.0013796168224299,0.877778,0.0,0.166667,0.0,0.561111,0.111111,3.67481,65891.0,89250.0,0.0244,0.4573,0.0534,0.0
1,-0.0997699356282065,0.0288874658216281,-0.0432682903121438,0.0315194968937104,1.0291892900192554,0.4195180759291791,-0.2337542982473053,0.4694811129403627,0.0184526153304525,1.2298799447774535,0.4973824477071397,48.272017837235225,32.94117647058823,4.78,0,0.0,1.0,0.0,0.0,0.0,0.0,0.22210000000000002,1.0,0.002248675,0.1082112307692307,0.0044492558441558,0.0,0.0022064617021276,0.0035580528089887,0.0029969930656934,0.0252750776515151,0.0020342253405994,0.047619,1.0,0.0,0.0666667,0.0833333,0.888889,3.67481,23108.0,129112.0,0.0278,0.3838,0.0726,0.0
1,0.1174580408003177,-0.1054840976926759,0.3631536110632471,-0.2447263504780247,0.0196601738960028,-0.1143925670306179,0.5062062234882053,0.0746775671006882,0.3086888478730681,4.251180178827605,0.1123235709090274,48.84696016771489,38.23529411764706,4.91,1091,0.0,1.0,0.0,0.0,0.0509,1.0,0.0,0.0,0.6266344147540983,0.0904761999999999,0.0,0.3117358326923077,0.0018939409090909,0.0,0.0389325612565445,0.0038855833333333,0.0135802666666666,1.0,0.904762,0.944444,0.0416667,0.595238,0.0833333,3.67481,4680.0,149596.0,0.0556,0.573,0.097,0.0
1,-0.3235392219155364,-0.1376532006435648,0.9104732233420384,-0.0620130407229945,0.1620922624086521,-0.3727609342188867,0.1378202233108761,0.0333640303630159,1.2157646890522495,4.533287734707561,0.3390833155998792,41.899441340782126,25.294117647058822,4.94,789,0.0,1.0,0.0,0.0,0.30455,1.0,0.046150000000000004,0.95,0.203041982051282,0.0040849705882352,0.0045267555555555,0.1865739301886792,0.0041111099999999,0.0,0.0144936843971631,0.0020881253623188,0.0049983074468085,0.958333,0.0833333,0.962963,0.111111,0.440476,0.111111,3.67481,211.0,5284.0,0.1618,0.6317,0.2561,0.0
1,-0.0571242441043395,-0.0821877388266649,0.1244225520280399,-0.1660827707998553,0.2636223555209837,-0.1816995921188756,-0.2883323355007104,0.2548331250762736,0.3597220341335029,3.5236801323347797,0.2674436442095872,48.133061778682965,42.35294117647059,5.03,489,0.0,1.0,0.0,0.0,0.5671,1.0,0.0,0.0,0.0021367576923076,0.0010101,0.1228948033898305,0.175632652173913,0.0045589164179104,0.0033311,0.0279373606796116,0.0029142768292682,0.0023512836448598,0.0555557,0.030303,0.90303,0.0666667,0.501852,0.111111,4.3233,341.0,4774.0,0.11,0.6902,0.1594,0.0
1,-0.3503371062231112,-0.1251780590177901,0.6083732782433129,0.4955484137346826,0.5867444113714388,0.5115952563688551,-0.4063712898186365,-0.11690731934191,0.498365899911266,0.453333576316137,0.964588235233148,48.59437751004016,38.82352941176471,1.16,439,0.0,1.0,0.0,0.0,0.20929999999999996,1.0,0.12825,1.0,0.2645975464285714,0.8081216,0.001443,0.0990575343749999,0.3683783222222222,0.0,0.0209253875555555,0.0412037592885375,0.0,0.87963,0.972222,0.888889,1.0,0.47619,0.533333,5.61201,126798.0,87790.0,0.0733,0.5463,0.1342,0.0
1,0.0491515799732699,-0.0426974295982197,0.4815076109216349,-0.0928916145226271,0.1056326281629682,-0.0251228799511151,-0.0699056840565203,-0.0034502535415581,0.3168684098995659,1.7063626239016347,0.7574653323408531,50.16181229773464,30.0,-0.17,0,0.0,0.0,0.0,1.0,0.31749999999999995,1.0,0.0,0.0,0.5157313214285713,0.0756660910714285,0.1457704060975609,0.3035084380952381,0.009367885,0.0700481,0.0486548768115941,0.0059946487951807,0.0514615624390244,1.0,0.902778,0.966667,0.111111,0.634921,0.111111,5.00904,8.0,1382.0,0.1768,0.4091,0.4321,0.0
1,0.2284774949754519,-0.0973894514699791,-0.2529802559729499,-0.1990220780438331,0.0017156620480818,-0.2263641113156533,-0.3599324176072779,-0.1930079443451189,-0.7131338765929909,0.2788652022657444,0.9734077517248672,44.73229706390328,32.35294117647059,0.18,0,0.0,0.0,1.0,0.0,0.0535,1.0,0.0435,1.0,0.7617723333333334,0.0,0.5829413454545456,0.2109787666666666,0.0039682642857142,0.2506603432432431,0.0442307769230769,0.0,0.0357778911547911,0.863095,0.0,0.438492,0.0555557,0.208333,0.0,4.44848,13788.0,7175.0,0.1219,0.3211,0.3798,0.0
1,-0.5120030760371923,-0.0550918307019912,-0.2241005770835207,-0.1438322595601453,-0.1578220316274001,-0.3403280859326452,-0.5521730333338233,-0.1916781965247715,-0.3570705716837278,0.5261549291508506,0.9069250019049871,49.029982363315696,28.823529411764703,0.21,2316,0.0,0.0,0.0,1.0,0.0,0.0,0.0,0.0,0.0,0.0975510285714285,0.9861471428571428,0.0,0.0221781166666666,0.30685182,0.0104166625,0.0077668158798283,0.0224054359550561,0.0,1.0,0.0,0.333333,0.0833333,0.206349,7.68053,3409.0,15972.0,0.0046,0.4767,0.0096,0.0
1,-0.1474413462031245,-0.0155855806406238,0.1475418982642353,0.0053395373881881,-0.1133721379882172,-0.1254141073193164,-0.1352665182965201,-0.2939526442693684,-0.2905395082831927,0.0223949262773621,1.0,47.93814432989691,38.23529411764706,0.27,0,0.0,1.0,0.0,0.0,0.31515,1.0,0.6542,1.0,0.8610120000000001,0.740144,0.2905839545454545,0.512103,0.4419048,0.0256091657894736,0.0262377285714285,0.0229189387755102,0.006562883076923,1.0,1.0,0.738889,0.777778,0.166667,0.166667,3.84905,11138.0,8621.0,0.0089,0.6389,0.014,0.0
1,-0.1032952537210138,-0.0326001474395327,0.4051539195429184,-0.0441916438290073,0.0375845030095078,0.0878733408492406,-0.2847264518150139,0.1469867215994495,0.9309543922753296,2.6423302936997537,0.57324703423791,44.34654919236417,36.47058823529412,0.31,341,0.0,1.0,0.0,0.0,0.27494999999999997,1.0,0.43235,1.0,0.0981202631578947,0.3208301249999999,0.0095679083333333,0.0388836185185185,0.4553038157894736,0.0038280805970149,0.023547495614035,0.0642442468085106,0.0031782939534883,0.972222,0.898392,0.537037,0.985507,0.640741,0.606061,4.55976,1027.0,102.0,0.076,0.2854,0.2664,0.0
1,-0.1697582050164595,-0.0810184473473254,-0.1121527823586164,-0.1059547837524867,0.0950242163880757,0.1468972785557808,-0.4044742161085041,-0.0928865450710489,0.0085662793784983,4.113889467000513,0.6041682457236542,45.9613196814562,40.0,0.45,291,0.0,1.0,0.0,0.0,0.13195,1.0,0.030100000000000005,0.98,0.2279943090909091,0.2865740833333333,0.001443,0.0120370466666666,0.319721,0.0,0.034993719047619,0.0405371294520548,0.003372329113924,0.952381,0.944444,0.0833333,0.861111,0.305556,0.451852,4.3233,9933.0,8996.0,0.0708,0.4751,0.1491,0.0
