gene_id,WGD,group,H3K27ac_down,H3K27ac_up,H3K27ac_genebody,H3K27me3_down,H3K27me3_up,H3K27me3_genebody,H3K4me3_down,H3K4me3_up,H3K4me3_genebody,avg_expression,tau,gene_cds_gc,promoter_gc,rec_rate,te_dist,TEGroup_1,TEGroup_2,TEGroup_3,TEGroup_4,TEdenseAvgUp,TEdenseMaxUp,TEdenseAvgDown,TEdenseMaxDown,CG_up_ave,CG_down_ave,CG_body_ave,CHG_up_ave,CHG_down_ave,CHG_body_ave,CHH_up_ave,CHH_down_ave,CHH_body_ave,CG_up_max,CG_down_max,CHG_up_max,CHG_down_max,CHH_up_max,CHH_down_max,summit_fold_enrichment,upstream_distance,downstream_distance,Ka,Ks,omega,location
Bra023201,0,II,-0.3463211191521852,0.0875071193546737,0.5350798955345183,-0.0003659020178395,-0.0767016771541016,-0.0755277641665915,-0.4856251754626058,-0.2974785554192293,0.2049917060191999,1.3415579384215464,0.4389063815813361,49.42528735632184,32.94117647058823,2.84,201,0.0,0.0,1.0,0.0,0.6516,1.0,0.3998999999999999,1.0,0.0,0.0,0.0,0.0277777666666666,0.00833333,0.0,0.0,0.001550388372093,0.0039682523809523,0.0,0.0,0.0833333,0.0833333,0.0,0.0666667,4.02482,2906.0,10455.0,0.1598,0.4904,0.3259,0.0
Bra023202,0,II,0.1041636761842888,-0.0340814884315505,0.1809485427487323,0.0576823889451277,0.0434593291793994,-0.1930148720030346,-0.2483548435008743,0.0047863743260356,0.0067426497905187,1.9931016306257103,0.7830780065932933,46.1996336996337,40.0,2.84,0,0.0,1.0,0.0,0.0,0.6118,1.0,0.5967999999999999,1.0,0.0,0.888889,0.039141409090909,0.0,0.3169312333333333,0.0099811644067796,0.0,0.0493827444444444,0.0037425627118644,0.0,0.916667,0.0,0.688889,0.0,0.377778,5.50765,39940.0,4847.0,0.0321,0.3567,0.0901,0.0
Bra023206,0,II,0.3306962392957978,1.009248632625877,0.2342807710354654,-0.2553281884813306,-0.1200262088004742,-0.3770135802602081,0.6625962641585704,0.5113800936332098,0.068590175589558,5.796981497821786,0.1598475926069882,53.84615384615385,31.76470588235294,2.83,262,0.0,0.0,0.0,1.0,0.0,0.0,0.079,0.94,0.0015432092592592,0.7359908863636364,0.0050926,0.0,0.3975469657534247,0.0,0.0035055647302904,0.0594859118577075,0.0006459965116279,0.0833333,1.0,0.0,1.0,0.111111,1.0,4.10714,50.0,620.0,0.0962,0.684,0.1406,0.0
Bra023213,0,II,-0.1700580490697312,0.0304623862119392,0.1281311154238271,-0.0083669640608354,-0.2576956339422235,-0.2356832625666909,-0.4156583913105492,0.5054682215815047,0.0184953667115741,5.151991775825304,0.2558796491765536,48.86300610094288,28.823529411764703,2.82,0,0.0,1.0,0.0,0.0,0.0,0.0,0.28109999999999996,1.0,0.0046052657894736,0.8434134358974361,0.0,0.0013605448979591,0.2347295074074074,0.0027272727272727,0.0015635675438596,0.0233799705426356,0.0026684297777777,0.0666667,1.0,0.0666667,0.944444,0.0666667,1.0,3.81299,303.0,690.0,0.0335,0.5769,0.058,0.0
Bra023217,0,II,-0.036022001737115,0.10667565687619,0.6184087085435395,0.279834305749238,-0.2021741670212888,-0.5259901459143783,0.0107979422146931,-0.0902194519963035,0.5596406615847818,3.89562840037716,0.292574914575885,46.19883040935672,38.23529411764706,2.81,97,0.0,1.0,0.0,0.0,0.16665,1.0,0.265,1.0,0.8437499375,0.3733426470588235,0.0,0.3325727874999999,0.109899424,0.0087719263157894,0.0345149739130434,0.0489316184615384,0.0012578622641509,1.0,1.0,0.75,0.555556,0.270085,0.527778,5.96276,5.0,8204.0,0.0591,0.4209,0.1405,0.0
Bra023219,0,II,0.1063493396065474,-0.4049303754137058,0.0730590261424141,-0.2486599166838801,-0.0672363205434748,-0.1250397714715159,-0.188631431211415,-0.2087506468978985,-0.3225520749783185,1.8381566663211024,0.4271251735793083,48.44054580896686,34.705882352941174,2.81,293,0.0,0.0,1.0,0.0,0.0,0.0,0.15715,1.0,0.0086279409090909,0.002583976744186,0.0030864185185185,0.0064102564102564,0.0042328023809523,0.0013440870967741,0.0018849194444444,0.0033648688405797,0.0033883528985507,0.111111,0.111111,0.111111,0.111111,0.111111,0.111111,6.66426,2852.0,2187.0,0.0335,0.4106,0.0817,0.0
Bra023226,0,II,0.1633828610701552,0.0233016937102515,0.2266997706686568,-0.0665549123287062,-0.0324424391875835,-0.1598721490416787,-0.0189978079600221,-0.069143796460409,-0.0166861935388062,0.2013454007803456,0.82450366520522,43.93939393939394,31.76470588235294,2.8,0,0.0,1.0,0.0,0.0,0.041299999999999996,0.94,0.31055,1.0,0.0,0.0,0.0,0.0,0.0,0.00814816,0.0064814933333333,0.0,0.0575281673913043,0.0,0.0,0.0,0.0,0.0555557,0.0,4.65937,24562.0,55268.0,0.0536,0.3472,0.1543,0.0
Bra023235,0,II,-0.2403237225861981,0.1882450425307782,0.8484316104962296,0.0474834515694703,-0.1203103793095382,-0.3999666170032179,-0.0533915454500878,0.0231400666788354,1.8895602285487776,4.630170476398101,0.4987864286670931,47.152428810720274,35.294117647058826,2.79,216,0.0,1.0,0.0,0.0,0.049499999999999995,0.95,0.41,1.0,0.0,0.2370369999999999,0.0035273333333333,0.0,0.0356009047619047,0.0018115934782608,0.0032407383333333,0.0440631920245398,0.003316259574468,0.0,0.896296,0.0,0.225397,0.111111,0.783333,4.66032,267.0,10492.0,0.026,0.4817,0.054,0.0
Bra023236,0,II,-0.2869621853304128,-0.4088361983744152,0.5367163199478636,-0.3575454433669189,-0.2073562734641235,-0.3061408973836094,-0.2823875710195712,-0.3918221665658064,1.251716675234507,2.4826800800353217,0.4850660286080508,46.66666666666666,44.11764705882353,2.79,0,0.0,1.0,0.0,0.0,0.3449999999999999,1.0,0.2925,1.0,0.0,0.0984573829268292,0.0082010476190476,0.0,0.1931731111111111,0.0050724652173913,0.0,0.0108860188087774,0.0049339559440559,0.0,1.0,0.0,0.888889,0.0,0.273504,4.10714,24.0,10362.0,0.0511,0.3322,0.1539,0.0
Bra023237,0,II,-0.5083670499587575,-0.0096143145703717,-0.110006091324581,-0.1718073205246179,-0.1444984884290366,0.1167037550628057,-0.5685445614278086,-0.3574234808130488,-0.264456060596218,0.1884508879836196,0.7554445761539946,44.75890985324947,33.52941176470588,2.79,421,0.0,0.0,0.0,1.0,0.19499999999999995,1.0,0.7384500000000002,1.0,0.443313485,0.694445,0.0024801607142857,0.1161435454545454,0.0,0.0035125710526315,0.00825793,0.0,0.0034959502824858,1.0,0.694445,0.660318,0.0,0.130952,0.0,4.66032,9653.0,13536.0,0.0513,0.5208,0.0984,0.0
Bra023254,0,II,0.0570959519723769,-0.1685401300117911,-0.1355859615582594,0.2366006357633279,0.5578843997442596,0.6496172480544761,-0.0619924515183444,0.0159370506383629,-0.039486205380768,2.9395984250974445,0.4911204882106599,43.415077202543145,36.47058823529412,2.76,0,0.0,0.0,0.0,1.0,0.0,0.0,0.48275000000000007,1.0,0.0017361125,0.0,0.0031963465753424,0.0049130809523809,0.004329,0.0058159749999999,0.0038788576923076,0.0024639480392156,0.0037961602040816,0.0416667,0.0,0.0555557,0.047619,0.133333,0.111111,5.00904,36062.0,12345.0,0.0352,0.2773,0.1268,0.0
Bra023267,0,II,-0.0074600802295607,-0.2464498631281829,-0.0337841629552219,-0.2745409471896726,0.3188531669682408,0.0345051942613171,0.017310160329657,-0.14029402678872,-0.1801148534255,2.700820605407671,0.6805511294085577,47.46317512274959,27.058823529411764,2.75,0,0.0,1.0,0.0,0.0,0.050499999999999996,0.97,0.0,0.0,0.0010351956521739,0.1301389175,0.0026534044776119,0.002222228,0.0017094025641025,0.0026315776315789,0.0037091175438596,0.0058192932515337,0.0032303327411167,0.0238095,0.952381,0.0555557,0.0666667,0.111111,0.133333,6.48261,11364.0,32089.0,0.0429,0.3263,0.1313,0.0
Bra023269,0,II,0.5864671736123205,0.3098167322633973,0.7012484426958763,-0.211266619561291,-0.1974220875648608,-0.5021881630982595,0.6200660389183692,0.3003324418708898,0.1438537385198448,5.630424475798914,0.3516513775410429,47.15447154471545,32.94117647058823,2.75,930,0.0,1.0,0.0,0.0,0.5585,1.0,0.0,0.0,0.0,0.0,0.0,0.0,0.0,0.0,0.0,0.002583976744186,0.0069444416666666,0.0,0.0,0.0,0.0,0.0,0.111111,4.55976,35397.0,210.0,0.197,0.4969,0.3965,0.0
Bra023270,0,II,0.4935342198336582,-0.1068529280983217,1.1732086474463157,-0.2817957620910983,-0.1448952054629569,-0.4212556173138655,0.3667568142736493,-0.239146375666766,1.3668025402641932,5.221348963218719,0.4368421610909804,46.30738522954092,37.64705882352941,2.75,1155,0.0,1.0,0.0,0.0,0.44599999999999995,1.0,0.285,1.0,0.0,0.0,0.0,0.0,0.0,0.0,0.0,0.0019841261904761,0.00444444,0.0,0.0,0.0,0.0,0.0,0.0833333,4.55976,12161.0,91.0,0.0335,0.2026,0.1653,0.0
Bra028011,0,II,0.5700869476762506,-0.2654953850379017,-0.1651439268694596,-0.4508597317836623,0.1939597122782875,-0.311153433495099,0.7087558198027288,-0.1009212858139005,-0.34789317789312,0.3478863123456358,0.6352231359373932,45.15441959531417,34.705882352941174,2.7,0,0.0,0.0,0.0,1.0,0.04375000000000001,0.92,0.0,0.0,0.5890128124999999,0.200630194117647,0.08674604,0.0891368875,0.0027885054054054,0.0013888925,0.0133606629139072,0.0023148178571428,0.0025714285,1.0,1.0,0.458333,0.0555557,0.35,0.0833333,4.6751,57105.0,31834.0,0.0527,0.3851,0.1368,0.0
Bra028065,0,II,-0.4834610874291892,-0.2380055681352899,-0.0380094253380063,-0.3492097923679999,0.053675741337962,-0.26768349724031,-0.8904380513222188,0.0691042864905319,-0.0219801441995035,1.0505780318504696,0.6186073985680214,45.111896348645466,37.05882352941177,2.66,230,0.0,0.0,0.0,1.0,0.28074999999999994,1.0,0.5456,1.0,0.3796296666666666,0.366666625,0.233333348,0.0360173222222222,0.157986125,0.0016420344827586,0.0334508151315789,0.0165532871428571,0.0023523513513513,1.0,1.0,0.466667,0.530556,0.444445,0.561111,5.26712,88445.0,56399.0,0.0442,0.3713,0.1191,0.0
Bra027960,0,II,-0.0271575533404269,0.3608415977862936,0.260547491774284,-0.0945251624365537,-0.1138416358997106,-0.3079932217196715,-0.0463971768601303,0.319679782496723,0.1704232344931852,2.342350299606635,0.202010100794872,44.44444444444444,39.41176470588236,2.75,312,0.0,1.0,0.0,0.0,0.6052500000000002,1.0,0.17799999999999996,1.0,0.3097442916666666,0.24146825,0.1171997388349514,0.1878266666666667,0.0288461307692307,0.0053891710691823,0.0466771009009008,0.0094113716666666,0.002158754988399,1.0,1.0,0.869048,0.319444,0.350641,0.111111,4.44848,75160.0,16827.0,0.0789,0.5212,0.1514,0.0
Bra027959,0,II,-0.1398121924375842,-0.3644280726816647,-0.2927327628675537,0.0294202667982764,0.4046007998858287,0.2378329851511156,-0.2436103841858626,-0.3933996594848772,-0.3386794673128595,0.0802921297060305,1.0,40.94827586206897,30.0,2.75,0,0.0,1.0,0.0,0.0,0.0,0.0,0.3414,1.0,0.0695138674999999,0.1624049156249999,0.1756373932885906,0.0100481964285714,0.10754234,0.058412906870229,0.0061774856060606,0.0221453460377358,0.0321111110091743,1.0,1.0,0.42381,0.925926,0.111111,0.388889,4.44848,32983.0,54753.0,0.4068,2.0095,0.2024,0.0
Bra036885,0,II,0.1864541385057455,-0.0590671938562599,0.461377806134026,-0.2377422248939427,-0.1038885351848546,-0.3136354394204781,0.3778188352961523,-0.1085526578222915,0.3831993431457852,2.728914058981849,0.3917108595743188,49.47916666666667,48.23529411764706,0.94,350,0.0,1.0,0.0,0.0,0.49935,1.0,0.0,0.0,0.7851411666666667,0.0020576111111111,0.07,0.2629629,0.0,0.0,0.0060013703703703,0.0027210897959183,0.0095704947712418,1.0,0.037037,0.722222,0.0,0.0833333,0.0666667,4.02482,12098.0,12307.0,0.1003,0.5405,0.1856,0.0
Bra036898,0,II,-0.3584129707730727,-0.354839192187109,-0.1750668573395074,-0.2593256314094658,-0.108166725518535,-0.1997238412245616,-0.3927475599655992,-0.7304775186912448,-0.3426561950842645,0.0555366431335554,0.938905246559815,45.86739327883742,36.47058823529412,1.04,631,0.0,0.0,0.0,1.0,0.23834999999999998,1.0,0.48714999999999997,1.0,0.1494228,0.0,0.0,0.0472618777777777,0.0,0.0079365285714285,0.0107324450980392,0.0050213653846153,0.0,0.952381,0.0,0.699736,0.0,0.888889,0.111111,3.81299,3394.0,25640.0,0.1073,0.418,0.2566,0.0
Bra036904,0,II,-0.1928803260674652,0.4445031823942741,0.6984206485141299,0.0536475596927542,-0.1951363529765986,-0.4286930410896518,-0.2960634710774875,0.6746060094394404,0.7225048889901275,4.986172546928153,0.1255339194599709,52.357723577235774,35.88235294117647,1.09,1238,0.0,1.0,0.0,0.0,0.0,0.0,0.3405499999999999,1.0,0.7166667777777778,0.3005050909090909,0.0357142857142857,0.0,0.0203703592592592,0.01190475,0.0051215328124999,0.0047740366972477,0.0024509794117647,1.0,1.0,0.0,0.15,0.0833333,0.194444,7.29293,9305.0,9013.0,0.0297,0.6736,0.0441,0.0
Bra036910,0,II,0.7970855392803151,0.6990963409223696,-0.009309446865414,-0.0407750693656073,-0.1021038325173622,-0.3037006043783632,1.1278468551702772,1.0154222035252125,0.1291931032975936,5.9693794823497,0.196217861387007,47.083333333333336,32.35294117647059,1.11,2060,0.0,0.0,1.0,0.0,0.0,0.0,0.0034,0.32,0.0,0.0043859631578947,0.0022222233333333,0.0,0.0049689434782608,0.0027210897959183,0.0020286693877551,0.0026455,0.0040373106617647,0.0,0.0833333,0.0,0.0666667,0.0666667,0.111111,6.01085,455.0,1027.0,0.0261,0.3431,0.0761,0.0
Bra036915,0,II,-0.1996197615896147,-0.3976577750709224,-0.2929917259052502,0.3345603760916694,0.3481363734010554,0.1919423153129979,-0.4259836619403154,-0.4674821048959534,-0.4542610623675068,1.216173758505531,0.9085060770472768,44.621938232161874,30.0,1.14,0,0.0,0.0,0.0,1.0,0.1585,1.0,0.0,0.0,0.0078836,0.0063492,0.4563050833333333,0.0,0.0033333349999999,0.1186832339622641,0.0026490885542168,0.00273396375,0.0338949236842105,0.188889,0.111111,0.0,0.0666667,0.111111,0.0666667,3.81299,24651.0,13253.0,0.1118,0.3676,0.3041,0.0
Bra039551,0,II,-0.1922834852992813,-0.1901602679010499,0.3254788617242706,0.0119416958238797,-0.0907658158349201,-0.4071844563922974,-0.0333439915768889,-0.1453570988218723,-0.1130770545787637,0.0,,46.06060606060606,32.94117647058823,1.36,602,0.0,0.0,1.0,0.0,0.5214500000000001,1.0,0.17550000000000002,1.0,0.9194896585365852,0.0054673703703703,0.0069444375,0.4137770153846152,0.008101012,0.0090852105263157,0.0952371051470588,0.0032331683206106,0.0162677938461538,1.0,0.0666667,0.916667,0.0833333,0.7,0.111111,3.84905,72511.0,156.0,0.1087,0.2395,0.4537,0.0
Bra039550,0,II,-0.0524097550270557,0.2123000067450104,0.2601304417719735,-0.3282873297458631,0.0534609886080386,-0.1948350992591005,-0.1415789717488165,0.2297504941698093,0.4234672020493645,1.99478290923263,0.6001815921609452,44.12153236459709,32.35294117647059,1.37,0,0.0,0.0,1.0,0.0,0.14049999999999999,1.0,0.0,0.0,0.1484443999999999,0.2491000450980392,0.0653562093023256,0.1460808571428571,0.0031446528301886,0.0017460342857142,0.0091998944915254,0.0035878954356846,0.0035989155844155,1.0,1.0,0.979167,0.0833333,0.284127,0.111111,3.84905,4369.0,43648.0,0.0507,0.3526,0.1437,0.0
Bra039542,0,II,0.5227306805591331,0.1125801797226224,0.6865814733898079,-0.3244383124285361,-0.2763877023231108,-0.2499586076240364,0.2744083138543908,0.0666170779141423,1.2190861843246257,3.238741014464752,0.514772347780783,46.913580246913575,31.176470588235293,1.4,5440,0.0,1.0,0.0,0.0,0.0,0.0,0.0,0.0,0.0061728555555555,0.0850308333333333,0.0,0.0092592523809523,0.0,0.0,0.0027837014925373,0.0036388475409836,0.0049019588235294,0.0555557,0.510185,0.111111,0.0,0.0833333,0.0833333,3.03872,312.0,24357.0,0.0409,0.4218,0.0969,0.0
Bra029462,0,II,-0.1280652489001776,-0.3538976491854698,0.0869290725942743,-0.242587512724157,-0.0294139006383095,-0.0256740099675423,-0.1341681436261437,-0.4471954203433187,-0.2979998107238074,6.345403047587364,0.4037125921016739,48.66666666666667,30.0,2.59,618,0.0,0.0,0.0,1.0,0.35540000000000005,1.0,0.0,0.0,0.42916665,0.1214133125,0.1686225294117647,0.1757319333333333,0.302284125,0.2889564799999999,0.0067073134146341,0.0255194339999999,0.0284295333333333,1.0,0.974359,0.616667,0.838095,0.194444,0.278788,4.91051,23002.0,95455.0,0.1637,0.2048,0.7991,0.0
Bra037915,0,II,-0.3362243706900351,-0.1235797270609689,0.0397949048748048,-0.0423137043568332,-0.1012030237695158,-0.1452647801205929,-0.1962874205050559,-0.3072499452754574,0.0255618078269773,1.3264841611229157,0.562127565310838,41.511771995043375,34.11764705882353,2.29,0,0.0,0.0,0.0,1.0,0.5741499999999999,1.0,0.64485,1.0,0.6544689402985076,0.781949156862745,0.0560739459459459,0.3991081071428572,0.2848809863636364,0.0064318749999999,0.0742040856410256,0.0265129390804597,0.001985679296875,1.0,1.0,0.933333,0.944444,0.916667,0.344444,7.78195,1467.0,6915.0,0.0948,0.307,0.3088,0.0
Bra037909,0,II,-0.393373467587867,-0.0203507478608282,-0.1515913847720794,-0.3177423324431639,0.0229915079212583,0.0208329745204148,-0.3961608481181307,-0.0448873402749725,-0.3183257460247832,0.0532494059396722,1.0,48.333333333333336,44.70588235294118,2.32,279,0.0,1.0,0.0,0.0,0.43925,1.0,0.0,0.0,0.3407407333333333,0.0054263674418604,0.0581196923076923,0.3566798333333333,0.0027356886363636,0.005847947368421,0.0505791338461538,0.0026418859374999,0.0015306122448979,0.933333,0.0666667,0.842593,0.0833333,1.0,0.111111,3.64647,10896.0,10328.0,0.0473,0.3724,0.127,0.0
Bra018168,0,II,-0.3566499497822037,0.0532851801103808,0.8024206255531319,-0.3442043434732408,-0.0372885171564192,-0.3863780965303089,-0.0401914109249226,0.1157109261910937,1.2511101985204467,3.8434038071462617,0.2906664474361174,47.56717501815541,35.88235294117647,-0.89,491,0.0,1.0,0.0,0.0,0.10295000000000001,1.0,0.3620999999999999,1.0,0.0065359411764705,0.1836724566666666,0.0,0.0,0.0523584104166666,0.0,0.0039682571428571,0.017792003271028,0.0,0.111111,0.969697,0.0,0.84127,0.138889,1.0,5.00904,220.0,345.0,0.1127,0.4769,0.2364,0.0
Bra018169,0,II,0.3686383294872404,-0.2260490197161243,1.926107479872055,-0.4706380287399214,-0.1425125402580075,-0.2715964544778942,0.6242919201572401,0.0605526630601263,2.180489948347699,4.441140033910598,0.4990946038235673,52.6984126984127,42.35294117647059,-0.9,593,0.0,1.0,0.0,0.0,0.34465,1.0,0.0,0.0,0.1553751944444444,0.143772873076923,0.0,0.045446225,0.0075651470588235,0.0,0.0160840809734513,0.0039417294392523,0.003663,0.969697,1.0,0.84127,0.0833333,1.0,0.15873,5.00904,3.0,555.0,0.1024,0.2623,0.3905,0.0
Bra018210,0,II,0.3995529248010902,-0.1492546449429533,-0.1095156311703971,-0.3160318927105797,-0.0594804484392478,-0.3098280110171313,0.3577640937521275,-0.1715300102404691,-0.3119810733271452,0.3044855720469774,1.0,48.58906525573192,26.47058823529412,-1.08,930,0.0,0.0,0.0,1.0,0.41455000000000003,1.0,0.0,0.0,0.5007400081081083,0.0025063862068965,0.32420637,0.1767819849056603,0.0021428571428571,0.0872062919999999,0.026600409009009,0.0033192337912087,0.0026881725806451,1.0,0.0666667,0.916667,0.0833333,0.869048,0.111111,4.6751,95511.0,2964.0,0.0025,0.3915,0.0063,0.0
Bra033879,1,II,-0.0699550516814449,0.1747891925258321,0.0851180833548167,0.0516632913331007,-0.1550436249645233,-0.3599733355673594,-0.0599857139036612,0.0269038746745117,0.8844498403059371,4.814532687119429,0.1488357439047175,50.71225071225072,37.64705882352941,0.27,419,0.0,1.0,0.0,0.0,0.3613,1.0,0.48364999999999986,1.0,0.0284993428571428,0.0,0.0,0.0158730399999999,0.0,0.005291,0.0070182565217391,0.0083333375,0.0004748333333333,0.116162,0.0,0.0555557,0.0,0.230556,0.0666667,3.45864,169.0,12948.0,0.202,0.4469,0.452,0.0
Bra033878,1,II,-0.3073484859347312,-0.3576487818404174,0.1414354916057605,-0.1218715659367048,-0.057484271674785,-0.0486703715135707,-0.4247484883879983,-0.4972813309274522,-0.07943080447978,2.391131895662203,0.7766730532040886,46.26168224299065,40.0,0.27,561,0.0,1.0,0.0,0.0,0.06765,1.0,0.06395,1.0,0.0121784379310344,0.0037202374999999,0.0061302655172413,0.0034067113207547,0.0080298852941176,0.0024117139534883,0.002642689716312,0.0044180404081632,0.0030288762711864,0.111111,0.047619,0.0833333,0.0666667,0.111111,0.216667,3.81299,10461.0,128.0,0.0253,0.325,0.0778,0.0
Bra033875,1,II,0.4519162150514482,-0.1407131315800296,0.4419489126063957,-0.3001669400194867,0.028623378481066,-0.5375306559151557,0.7906222354749274,0.0351231094471599,0.4985548525102331,7.188494724860476,0.1791896124486419,53.40501792114696,34.11764705882353,0.26,166,0.0,1.0,0.0,0.0,0.2906499999999999,1.0,0.06275,0.96,0.3613081538461539,0.0281420819672131,0.0,0.2453263,0.0017543868421052,0.0197530777777777,0.0407709614285714,0.0040072049079754,0.0,1.0,0.944444,0.726191,0.0666667,0.567857,0.15873,3.60115,7119.0,6025.0,0.1073,0.4775,0.2247,0.0
Bra033872,1,II,-0.3180719369150755,0.2735627013356052,0.2912446321827872,-0.0812435406749619,-0.0206748489622404,-0.1483021638301727,-0.3563970085957919,0.5830339357919523,0.0090689246514745,4.0827345273459095,0.3624316004851952,48.23399558498897,27.647058823529413,0.25,345,0.0,0.0,0.0,1.0,0.4234500000000001,1.0,0.713,1.0,0.1997685,0.72158733,0.0038043499999999,0.0347789285714285,0.1361952363636363,0.0034013612244897,0.0144603186666666,0.0531745979591836,0.0033557046979865,0.85,1.0,0.55,0.383333,0.277778,0.888889,3.64647,17226.0,8322.0,0.035,0.5263,0.0666,0.0
Bra033871,1,II,-0.3305742522913998,0.2555837169983129,0.0475709435297707,-0.142412648894707,-0.258763419521256,-0.3633022096146764,-0.3327839923434445,0.1791110109917959,0.2860855267370956,5.0309665091677775,0.2113358753457601,44.2080378250591,45.294117647058826,0.25,1046,0.0,0.0,0.0,1.0,0.0,0.0,0.49979999999999997,1.0,0.0,0.8212962500000002,0.0,0.0023148208333333,0.2748422461538461,0.0,0.0084325357142857,0.0328800029126213,0.0064814666666666,0.0,1.0,0.0555557,0.888889,0.111111,0.35,3.64647,1690.0,24831.0,0.0692,0.4108,0.1686,0.0
Bra033869,1,II,-0.1358326858994679,-0.5130248057495824,-0.2153091847292093,0.0238810952848383,-0.0932774540787434,-0.2655650106399022,-0.0802622218469403,-0.3065680746973401,-0.3725664163105576,1.0956493984669249,0.5525927993641058,47.58974358974359,31.76470588235294,0.25,522,1.0,0.0,0.0,0.0,0.0,0.0,0.7625,1.0,0.00108225,0.2289351916666666,0.0085249103448275,0.001247037037037,0.0211640555555555,0.0038690499999999,0.0028403075862068,0.0490979930481283,0.0027857469879518,0.047619,0.958333,0.037037,0.214286,0.111111,0.438131,6.35498,12.0,37367.0,0.0652,0.4244,0.1537,0.0
Bra033863,1,II,0.2304093323134797,0.0701368388698244,0.8584958134437676,-0.2301470825004203,0.0523545701847295,-0.4962422661068541,-0.1628926833051462,0.1662758931581326,1.1250785039499092,4.542395777550442,0.0685311877239701,45.09803921568628,38.23529411764706,0.23,583,0.0,0.0,1.0,0.0,0.40700000000000003,1.0,0.0,0.0,0.2321428375,0.0098039235294117,0.0084876541666666,0.2212111428571428,0.0053418846153846,0.0009718163265306,0.0901842906832297,0.003545202112676,0.0039663780141843,0.933333,0.111111,0.583333,0.0833333,0.777778,0.111111,4.95884,4859.0,5984.0,0.0476,0.4772,0.0997,0.0
Bra033861,1,II,0.1465923823565871,0.2826408147641709,0.8473123802539364,-0.22019958775207,0.0831425452893929,-0.3736476307198667,0.6542330620513442,0.0611789455238316,1.2345552240788735,3.500930172386511,0.5334779617009198,48.23232323232323,39.41176470588236,0.23,700,0.0,1.0,0.0,0.0,0.16449999999999998,1.0,0.0,0.0,0.0672222099999999,0.015873,0.0055555583333333,0.0,0.0055555533333333,0.0015432138888888,0.0027634403846153,0.0038324018018018,0.0024096403614457,1.0,0.111111,0.0,0.0833333,0.0833333,0.111111,6.67872,682.0,3366.0,0.0262,0.5393,0.0485,0.0
Bra033859,1,II,0.1472134090725195,0.1244265762936849,0.456666672930627,-0.2129212392966227,-0.0453653411461802,-0.314796691179233,0.6730085440810014,0.114487188602476,1.0798493826771145,2.5164380367136845,0.7706747199824477,47.47081712062256,41.76470588235294,0.23,239,0.0,1.0,0.0,0.0,0.7711500000000001,1.0,0.0,0.0,0.0,0.010101,0.0134057978260869,0.0,0.0055555533333333,0.0,0.0,0.0031184848484848,0.0034563012345679,0.0,0.111111,0.0,0.0833333,0.0,0.111111,4.54561,864.0,4487.0,0.0552,0.3355,0.1644,0.0
Bra033856,1,II,-0.4191022768012913,-0.0136037418786086,-0.2887373623536741,0.0128845311898592,0.2937295157204956,0.8518811025003739,-0.3827554975204906,-0.1111850245818289,-0.4035249198292991,5.399059476560929,0.3968026605178354,45.28301886792453,31.76470588235294,0.22,209,0.0,1.0,0.0,0.0,0.35855000000000004,1.0,0.04435000000000001,0.95,0.01111114,0.8825969838709675,0.0076628275862068,0.0,0.4617763246376811,0.0,0.0,0.0690644560570071,0.0,0.0555557,1.0,0.0,0.944444,0.0,0.886364,3.85825,43401.0,512.0,0.0405,0.5658,0.0716,0.0
Bra033844,1,II,0.0388783829979712,0.0191998575263808,-0.1742340324152124,0.3811179899326506,0.4975207202905715,0.7841528253321608,0.0004459119202042,-0.0486490668872259,0.1613552297404235,2.525466644966456,0.3445720083619464,43.68108566581849,34.11764705882353,0.19,806,0.0,0.0,1.0,0.0,0.0745,1.0,0.4456,1.0,0.0453042222222222,0.6397266833333333,0.00356349,0.1242470538461538,0.2171370111111111,0.0022802302752293,0.01119998,0.0680732549019607,0.0025811382215288,0.815476,1.0,0.644445,0.85,0.355555,0.466667,7.41414,64444.0,2318.0,0.0405,0.3023,0.1339,0.0
Bra010165,1,II,-0.2508535640558395,-0.2121886927586259,-0.3680455657962171,-0.3525781124422361,0.2627924601579382,0.1537049975106716,-0.3621846742969581,-0.1854871397617457,-0.3181045945938878,3.805284012406928,0.6302741520902646,46.77685950413223,26.47058823529412,7.08,1217,0.0,0.0,1.0,0.0,0.32549999999999996,1.0,0.22,1.0,0.3351685979166666,0.113108,0.018712796875,0.0564695,0.0036231891304347,0.002263146875,0.0082897991561181,0.0013888899999999,0.0033065232026143,1.0,1.0,0.383333,0.111111,0.177778,0.111111,3.24248,84940.0,722.0,0.0479,0.3108,0.1542,0.0
Bra010166,1,II,0.3945405014563539,0.1902018616156771,0.6367378776234855,-0.1965866212535944,-0.1544173784309547,-0.2563890987687048,0.5514962491466977,0.2119780276827654,0.2722805247834059,5.386914587522137,0.2736394873375709,48.333333333333336,30.0,7.11,1263,0.0,1.0,0.0,0.0,0.34185000000000004,1.0,0.0,0.0,0.1549220263157894,0.0148809642857142,0.0790123333333333,0.0889066578947368,0.0019841306122448,0.0,0.0236435436170212,0.0020444303921568,0.0049857512820512,1.0,0.416667,0.805556,0.0555557,0.555556,0.0833333,3.2413,87458.0,97.0,0.1686,0.6074,0.2776,0.0
Bra010167,1,II,0.4548891243666892,0.0634311392920845,0.7193976647788527,-0.2452973429721052,-0.1025127255595672,-0.4535294056278829,0.3218650037305101,-0.2438640235634449,1.2519305348177647,4.4006874042116655,0.5151552580075498,47.30538922155689,38.23529411764706,7.11,1286,0.0,0.0,1.0,0.0,0.38049999999999995,1.0,0.1165,1.0,0.4850254471698114,0.09274074,0.0,0.2335119183333333,0.0556688363636363,0.0,0.0469788425,0.0171718758620689,0.0023849636363636,1.0,1.0,1.0,0.805556,1.0,0.555556,3.2413,3780.0,348.0,0.0291,0.2257,0.1288,0.0
Bra010213,1,II,-0.1003834127774159,-0.2714832853519335,-0.2948275682381044,0.0069980614871459,-0.008295238916726,-0.2682840649036261,-0.2357427424895422,-0.1653181957144835,-0.6506396254962405,0.1509210174818627,1.0,44.92291334396597,37.64705882352941,7.25,0,0.0,0.0,0.0,1.0,0.46004999999999996,1.0,0.4698,1.0,0.9366666,0.8520247948717949,0.8008409523809522,0.0999999249999999,0.186981098076923,0.1430664345454546,0.027899873076923,0.0276139709844559,0.029215159047619,1.0,1.0,0.333333,0.666667,0.388889,0.392592,4.6751,6789.0,133789.0,0.0564,0.4498,0.1254,0.0
Bra034432,1,II,-0.1446995200394048,0.1135531581348175,0.305701455477503,-0.0877118148633811,-0.0926579373165117,-0.2566950959897923,-0.178880848423219,0.1652332659620421,0.0443630797949303,4.421393338812914,0.1686790217568013,45.39007092198582,36.47058823529412,0.17,524,0.0,0.0,0.0,1.0,0.6092500000000001,1.0,0.072,1.0,0.2021605222222222,0.0,0.0021929842105263,0.125,0.0185185095238095,0.0045084054054054,0.0305555522727272,0.0033068813333333,0.0026534007462686,1.0,0.0,1.0,0.111111,0.5,0.0555557,4.6751,49889.0,7335.0,0.0413,0.2801,0.1475,0.0
Bra021329,1,II,-0.2625952253707871,-0.1388331607019038,0.0476055092287882,-0.1175776644076277,-0.2135914424938453,-0.4158710777696318,-0.5635207712895506,-0.2028223876395523,-0.1771966281355257,2.275161369007631,0.3809906630600781,46.71886651752424,32.35294117647059,3.03,361,0.0,0.0,0.0,1.0,0.41694999999999993,1.0,0.4978000000000001,1.0,0.6984738461538461,0.7403704666666667,0.1198247354166666,0.34583325,0.3771062846153846,0.0032627888888888,0.0599999899999999,0.0441520157894736,0.0051888670886075,1.0,1.0,0.888889,0.952381,0.583333,0.25,4.91051,12897.0,4393.0,0.077,0.5266,0.1463,0.0
Bra021328,1,II,-0.3038104317263362,-0.1363048795672869,-0.6581620103196599,-0.2645258543756972,-0.1274871819041438,-0.2499434794416826,-0.2294142700639322,-0.2003852102454695,-0.5071022952814784,1.440074679707752,0.4646497842833416,40.75117370892018,33.52941176470588,3.03,0,0.0,0.0,1.0,0.0,0.0,0.0,0.7394000000000002,1.0,0.5888889166666667,0.8474870740740741,0.7226219026143793,0.1575102555555555,0.3612958222222223,0.2801762159420289,0.1316487114942528,0.0785892787878787,0.0272227540084388,1.0,1.0,0.675,1.0,0.916667,0.710318,5.00904,142.0,69235.0,0.0983,0.3696,0.2661,0.0
Bra039720,1,II,-0.1505955361190503,-0.0297928476364175,0.386206042101852,-0.1438204758262424,-0.0007679602008306,-0.2528754247507723,0.1343905674039418,-0.1523007236806488,0.6273608081227945,2.4078331687579526,0.4650043616534505,49.94871794871795,47.647058823529406,0.06,256,0.0,1.0,0.0,0.0,0.43149999999999994,1.0,0.3891000000000001,1.0,0.6902750208333335,0.1047040333333333,0.02175925625,0.2969881615384615,0.1377349230769231,0.0037262841463414,0.0286528192307692,0.0565188403100775,0.0029544052941176,1.0,1.0,0.866667,0.925926,0.688889,0.555556,3.60115,172.0,2456.0,0.0991,0.4355,0.2275,0.0
Bra039715,1,II,0.3941305572224409,-0.3086154638994345,0.6533203074753191,-0.1221409866210191,-0.0018517870629755,-0.4266227178817175,0.339719899132899,-0.0908929438030062,0.5728824730050179,1.5771930449262617,0.2469279965014702,44.923629829290206,35.88235294117647,0.07,960,0.0,1.0,0.0,0.0,0.23795,1.0,0.0,0.0,0.0416666666666666,0.0017921193548387,0.0034858372549019,0.0067936679999999,0.0039682599999999,0.0007716041666666,0.0099985857142857,0.001296296,0.0017430106976744,1.0,0.0555557,0.114286,0.0555557,0.222222,0.0833333,4.34117,3121.0,1184.0,0.0632,0.403,0.1568,0.0
Bra039714,1,II,-0.2958194905259838,0.3578125197087425,0.2467778588944508,-0.1329067875978199,-0.1185289403669873,-0.3775144660633717,-0.04888083259372,0.2307468555592767,0.2937532704361686,4.452862981798016,0.2499016899336597,50.73170731707317,38.82352941176471,0.07,1250,0.0,1.0,0.0,0.0,0.0,0.0,0.032,0.98,0.0036231891304347,0.013020821875,0.4486771999999999,0.004216271875,0.0210836512195121,0.0069444458333333,0.0013121406417112,0.005933234868421,0.0028769892857142,0.111111,0.333333,0.111111,0.25,0.0833333,0.259259,4.34117,117.0,13823.0,0.031,0.4287,0.0722,0.0
Bra039708,1,II,0.1156439767045282,-0.223978475641969,0.1337266432426564,0.0019637471059358,-0.1275093362504381,-0.2920379526339949,-0.2599963536412653,-0.1138490701236197,-0.0217196885074891,6.453494665014616,0.2335432918481513,47.05882352941176,35.294117647058826,0.07,376,0.0,1.0,0.0,0.0,0.5578,1.0,0.44010000000000005,1.0,0.0,0.2885265086956521,0.0,0.008547,0.0790597692307692,0.0,0.0018274868421052,0.0234917843137254,0.0055555577777777,0.0,1.0,0.111111,0.583333,0.0833333,0.633333,3.45864,9964.0,357.0,0.0215,0.3852,0.0558,0.0
Bra039707,1,II,0.2733654781819033,-0.1681047300296359,0.0791500851764417,-0.0528482050032232,-0.2552276094054337,-0.391557895767642,0.3299138773425078,-0.1805658150009576,-0.0437018251049103,5.39005235708545,0.274965580837255,47.72727272727273,38.23529411764706,0.07,419,0.0,1.0,0.0,0.0,0.0,0.0,0.3497,1.0,0.0,0.3027239259259259,0.0297979727272727,0.0037037133333333,0.139630696875,0.0101449304347826,0.003477425,0.0382445846153846,0.0049360641666666,0.0,1.0,0.0555557,0.655556,0.111111,0.796296,5.34297,8779.0,1465.0,0.0903,0.3927,0.2299,0.0
Bra038084,1,II,-0.199565427345863,0.1735414561494055,0.6497392768405287,0.1157667477873636,0.1416927593010874,-0.46959659568332,-0.1900588062027033,0.2574646869349678,0.5085546648983601,3.816933437096896,0.1755075230352695,47.05882352941176,36.47058823529412,0.08,313,0.0,1.0,0.0,0.0,0.24925,1.0,0.0,0.0,0.0,0.3840476666666667,0.2508083333333334,0.0,0.21688888,0.0032323218181818,0.0040610824561403,0.0242409671140939,0.0023249595092024,0.0,1.0,0.0,0.833333,0.0833333,0.355556,3.89097,2874.0,10434.0,0.047,0.5477,0.0858,0.0
Bra038083,1,II,1.0457638115694636,0.0093771850893409,-0.0118862958012077,-0.2688044441908791,0.1291853139042008,-0.3630729825892854,1.01982429746062,0.3489720735875041,-0.0219555907688354,2.6927354995806443,0.3525736371846754,43.20987654320987,35.88235294117647,0.08,0,0.0,0.0,1.0,0.0,0.27175,1.0,0.0,0.0,0.2244549166666666,0.0274509705882352,0.160756626,0.0251491333333333,0.0,0.0033466796460176,0.0434544916666666,0.0043574115942028,0.0025383432489451,1.0,0.822222,0.531863,0.0,0.472222,0.111111,5.96276,11392.0,695.0,0.0503,0.3775,0.1332,0.0
Bra038081,1,II,-0.2134779758487311,1.125792027233783,0.3899602150354287,-0.2039228252717111,-0.2726082346823584,-0.273165000343162,-0.4749016553266728,1.0713543131315797,1.086143428982988,3.0348504663229563,0.6004339046476985,45.77114427860697,35.88235294117647,0.08,469,0.0,1.0,0.0,0.0,0.0,0.0,0.294,1.0,0.0274509705882352,0.125,0.0123456666666666,0.0,0.0990079166666666,0.0083333333333333,0.0041186493150684,0.0195272495652173,0.0021701406249999,0.822222,1.0,0.0,0.688095,0.111111,0.333333,4.00723,1142.0,4177.0,0.0401,0.3158,0.127,0.0
Bra018486,1,II,0.0307394609397737,-0.1942439013618234,-0.0772166386744113,-0.080209787388841,0.0393454356660899,-0.1732935555334776,-0.2001662708309616,-0.1841735028897721,-0.5741681558390499,4.511377850013474,0.4116201803717924,43.97163120567376,31.76470588235294,3.58,847,0.0,1.0,0.0,0.0,0.42105,1.0,0.28425000000000006,1.0,0.0,0.1064815,0.904762,0.0,0.0,0.0,0.0036231891304347,0.0021505387096774,0.00833333,0.0,0.638889,0.0,0.0,0.111111,0.0666667,4.65937,4607.0,3757.0,0.1415,0.1728,0.8187,0.0
Bra033186,1,II,0.3981081472694128,-0.2801910724365212,0.3071761423530749,-0.3083445224792866,0.00302620457895,-0.3225743139662942,0.2712194280058752,0.095066842094217,0.1911849426267769,3.435334005069996,0.187663970305866,43.32084893882647,37.64705882352941,2.98,1516,0.0,0.0,0.0,1.0,0.21799999999999997,1.0,0.0,0.0,0.3417874347826087,0.0026455,0.378118,0.224444385,0.0,0.0,0.0304877975609756,0.005959347368421,0.0017006795918367,1.0,0.037037,0.944444,0.0,0.477778,0.0666667,4.34117,29669.0,596.0,0.094,0.2865,0.328,0.0
Bra033194,1,II,-0.1098903018477887,-0.0773845539695811,0.2414187786557411,-0.0582734219041615,-0.0768038132789148,-0.2138432282173276,-0.1096915560968323,0.0413652581696157,0.5445010666077953,4.348504876699871,0.1286927426203961,45.34050179211469,44.70588235294118,3.03,499,0.0,0.0,1.0,0.0,0.2333,1.0,0.3585999999999999,1.0,0.6059601,0.79091440625,0.0,0.3848811999999999,0.2873288029411764,0.0128205153846153,0.0592296142857142,0.0288217207692307,0.0,0.806776,1.0,0.666667,0.805556,0.390374,0.821429,7.36576,28365.0,563.0,0.0485,0.3167,0.1533,0.0
Bra019495,1,II,-0.1901337892189517,-0.3420820321416727,-0.2991232775906169,-0.1014258120092882,-0.061341012716716,-0.2505862786656789,-0.236255404567884,-0.4354394849310152,-0.6398671559207176,0.1668826531528727,0.9867692200759532,41.95402298850575,40.588235294117645,2.49,482,0.0,0.0,1.0,0.0,0.1238,1.0,0.0575,1.0,0.9398497272727272,0.8377554,0.879315625,0.3581529363636364,0.3597137999999999,0.35054565,0.0521587923076923,0.0307964566666666,0.036540187804878,1.0,1.0,0.805556,0.777778,0.711111,0.416667,4.00723,24236.0,16475.0,0.131,0.6628,0.1977,0.0
Bra019494,1,II,-0.0054086433376759,0.3043302927822895,2.154067711475779,-0.1588199116246635,0.2115427462294924,-0.1260550998854268,0.4200358648431524,0.0669899734965464,2.650549678126224,4.009423000592295,0.4967962664515326,54.80769230769232,42.94117647058823,2.54,253,0.0,0.0,0.0,1.0,0.30944999999999995,1.0,0.42395000000000005,1.0,0.6190476666666666,0.2472222857142857,0.0,0.2852091818181818,0.1935763749999999,0.0,0.0472191594936708,0.0488239905109488,0.0,1.0,0.916667,0.744444,1.0,0.827778,0.555556,4.00723,41097.0,865.0,0.1292,0.246,0.5251,0.0
Bra019486,1,II,-0.2748255705285806,-0.0608195995905535,-0.4333126041318944,-0.2393293742907503,0.125650895346593,-0.0342537745012419,-0.5272648381524971,-0.073984734067717,-0.5246190398525277,0.4518021360895584,0.994599139004628,48.05996472663139,27.647058823529413,2.83,732,0.0,1.0,0.0,0.0,0.4035,1.0,0.34254999999999997,1.0,0.0825051739130434,0.7987958333333333,0.7039107391304347,0.0143162346153846,0.4172248821428571,0.2764313214285714,0.0087816948051948,0.0465045483516483,0.0269109174757281,0.933333,1.0,0.111111,0.851852,0.111111,0.650794,6.08927,66190.0,2961.0,0.0012,0.5142,0.0023,0.0
